{
  "project_info": {
    "project_number": "22745164464",
    "project_id": "my-firebase-app-b2bb1",
    "storage_bucket": "my-firebase-app-b2bb1.appspot.com"
  },
  "client": [
    {
      "client_info": {
        "mobilesdk_app_id": "1:22745164464:android:7fd7620b483f42b31b2975",
        "android_client_info": {
          "package_name": "syedabdul.mobile.myfirebaseapp"
        }
      },
      "oauth_client": [
        {
          "client_id": "22745164464-1vnj7n6j1ru0q82bddlmgd81htbn9jpb.apps.googleusercontent.com",
          "client_type": 3
        }
      ],
      "api_key": [
        {
          "current_key": "AIzaSyDel06Uufk71Zo9h6f1tDITuYznFCDRaII"
        }
      ],
      "services": {
        "appinvite_service": {
          "other_platform_oauth_client": [
            {
              "client_id": "22745164464-1vnj7n6j1ru0q82bddlmgd81htbn9jpb.apps.googleusercontent.com",
              "client_type": 3
            }
          ]
        }
      }
    }
  ],
  "configuration_version": "1"
}